<?xml version="1.0" encoding="UTF-8"?>
<addon id="plugin.sunilprasad.webtv" version="1.0.0-rel" name="NetTV WebTV" provider-name="Sunil Prasad">
  <extension point="xbmc.python.pluginsource" library="addon.py">
    <provides>video</provides>
  </extension>

  <extension point="xbmc.addon.metadata">
    <summary lang="en">200+ Channels. Now you can enjoy breaking news, comedy shows, gripping TV serials, the latest blockbuster movies, sports and many more.</summary>
    <description lang="en">NET TV, is a first OTT/IPTV Platform in Nepal having Nepal Government license to Operate IPTV. NET TV is operated under NETTV Pvt. Ltd. company located in Kathmandu. Being the team of market leaders in streaming and triple play multiscreen device delivery solution, NET TV will focus to develop open platform where any one can bring their contents to sell and make the business partnering with us. We are always looking for Win-Win business among all possible partners. Distribution cloud is through ISPs locally that will ensure quality and full HD delivery without any additional internet traffic for clients. Net TV has always believed that anything you want to watch, listen to, and enjoy should simply be there on your TV, whenever you want it. Our IPTV streaming platform are renowned for their simplicity, variety of entertainment choices, and exceptional value.</description>
    <platform>all</platform>
    <language>en</language>

	<assets>
        <!-- Artwork references -->
        <icon>resources/media/icon.png</icon>
        <banner>resources/media/banner.jpg</banner>
        <fanart>resources/media/fanart.jpg</fanart>
        <clearlogo>resources/media/clearlogo.png</clearlogo>
        <screenshot>resources/media/screenshot1.png</screenshot>
        <screenshot>resources/media/screenshot2.png</screenshot>
        <screenshot>resources/media/screenshot3.png</screenshot>
	</assets>
  </extension>

  <requires>
    <import addon="xbmc.python" version="3.0.0"/>
    <import addon="script.module.inputstreamhelper"/>
  </requires>
</addon>
